model,distinct_1,distinct_2,avg_length,negative_behavior_frequency,junk_rate,think_leak_rate,imperative_rate,too_short_rate,avg_empathy,avg_supportiveness,avg_exploration,avg_safety,avg_overall
baseline_q25,0.1282755178437734,0.4721245605223506,160.28,0.0,0.16,0.0,0.0,0.04,1.96,2.08,1.08,4.56,2.76
sft_v2_q25,0.11600737856118057,0.43119077049855786,195.16,0.0,0.08,0.0,0.0,0.0,2.12,2.2,1.0,4.84,3.12
dpo_v2_q25,0.10868245294474803,0.43144833197721727,197.64,0.0,0.04,0.0,0.0,0.0,2.08,2.48,1.0,4.92,3.44
